{"count":1,"self":41.123232,"total":43.2604395,"children":{"AgentSendState":{"count":1911,"self":0.1827259,"total":0.2801353,"children":{"CollectObservations":{"count":4596,"self":0.0554432,"total":0.0554432,"children":null},"CollectDiscreteActionMasks":{"count":4596,"self":0.041966199999999995,"total":0.041966199999999995,"children":null}}},"DecideAction":{"count":1911,"self":1.7342908,"total":1.7342908,"children":null},"AgentAct":{"count":1911,"self":0.12178309999999999,"total":0.12178309999999999,"children":null}},"gauges":{"3DBallHard.CumulativeReward":{"count":1,"max":0.600000262,"min":0.600000262,"runningAverage":0.600000262,"value":0.600000262,"weightedAverage":0.600000262}},"metadata":{"timer_format_version":"0.1.0","start_time_seconds":"1596504845","unity_version":"2018.4.21f1","command_line_arguments":"C:\\Program Files\\Unity\\Hub\\Editor\\2018.4.21f1\\Editor\\Unity.exe","communication_protocol_version":"1.0.0","com.unity.ml-agents_version":"1.0.3","scene_name":"3DBallHard","end_time_seconds":"1596504888"}}